title,source_name,published_at,URL,description
That Viral Video Supposedly From Luigi Mangione is Totally Fake,Gizmodo.com,2024-12-10T01:09:39Z,https://gizmodo.com/that-viral-video-supposedly-from-luigi-mangione-is-totally-fake-2000536337,"""We terminated the channel in question for violating our policies covering impersonation,"" a YouTube spokesperson told Gizmodo."
Luigi Mangione fights extradition to face charge of murdering CEO,BBC News,2024-12-11T03:05:59Z,https://www.bbc.com/news/articles/ceqlj130rxpo,"The 26-year-old was arrested in Pennsylvania, and prosecutors are seeking to bring him to trial in New York."
Tracing the powerful family roots of suspected killer Luigi Mangione,BBC News,2024-12-14T17:25:25Z,https://www.bbc.com/news/articles/crl3jkjxp75o,"In his home city, the accused shooter's family name has meant wealth, power, prominence and philanthropy for decades."
Luigi Mangione retains high-profile former prosecutor as defense lawyer,NPR,2024-12-14T21:11:37Z,https://www.npr.org/2024/12/14/nx-s1-5229022/luigi-mangione-defense-lawyer-karen-agnifilo,"Karen Friedman Agnifilo was second-in-command at the Manhattan District Attorney's Office. There, she prosecuted violent crime cases, including those that had ""a mental health component."""
Luigi Mangione is whoever you need him to be,Business Insider,2024-12-11T12:03:29Z,https://www.businessinsider.com/social-media-myth-luigi-mangione-preceded-man-unitedhealthcare-murder-2024-12,"Ivy Leaguer, tech bro, leftist nut job: the myth of the person charged with murdering UnitedHealthcare CEO Brian Thompson preceded the man."
"What we know about Luigi Mangione, the suspect in United Healthcare CEO's killing",NPR,2024-12-10T02:45:22Z,https://www.npr.org/2024/12/09/nx-s1-5222853/luigi-mangione-suspect-brian-thompson-united-healthcare,"Mangione was arraigned on firearms and forgery charges in Pennsylvania after his arrest Monday evening, and is expected to face charges in New York as well."
"What we know about murder suspect Luigi Mangione. And, why food recalls are rising",NPR,2024-12-10T13:01:36Z,https://www.npr.org/2024/12/10/g-s1-37603/up-first-newsletter-luigi-mangione-brian-thompson-jayz-allegations-benjamin-netanyahu-testify,"Police arrested Luigi Mangione yesterday and charged him with the murder of UnitedHealthcare CEO Brian Thompson last week. Here's the latest details. And, why food recalls are rising."
Luigi Mangione reward money: Tipster in UnitedHealthcare CEO shooting needs to wait for payout,Business Insider,2024-12-13T19:31:19Z,https://www.businessinsider.com/luigi-mangione-reward-money-healthcare-ceo-shooting-tipster-conviction-2024-12,The tipster who called 911 on Luigi Mangione won't be able to collect reward money without a conviction.
'Saturday Night Live' tackles the internet's thirst for 'sex icon' Luigi Mangione,Business Insider,2024-12-15T14:17:15Z,https://www.businessinsider.com/snl-pokes-fun-internet-thirst-ceo-healthcare-killer-luigi-mangione-2024-12,The 26-year-old Ivy League graduate was charged with second-degree murder following the killing of UnitedHealthcare CEO Brian Thompson.
Family of Luigi Mangione speaks out following arrest and arraignment,WPIX 11 New York,2024-12-10T03:12:18Z,https://pix11.com/news/us-world-news/family-of-luigi-mangione-speaks-out-following-arrest-and-arraignment/,"NEW YORK (PIX11) – The family of Luigi Mangione, the man being held for multiple charges in Pennsylvania, has spoken. Delegate Nino Mangione, the cousin of..."
Luigi Mangione-themed merch is popping up all over the internet — and platforms are slapping down many listings,Business Insider,2024-12-11T17:54:38Z,https://www.businessinsider.com/luigi-mangione-merchandise-merch-ebay-amazon-tiktok-selling-2024-12,Amazon said it removed products that glorified Luigi Mangione for violating its rules against offensive and controversial items.
"What we know about Luigi Mangione, the former Ivy League grad arrested and linked to UnitedHealthcare CEO's killing",Business Insider,2024-12-09T22:37:09Z,https://www.businessinsider.com/luigi-mangione-unitedhealth-ceo-killing-person-what-to-know-2024-12,"Luigi Mangione, identified as a person of interest in Brian Thompson killing, founded an app and reviewed The Unabomber Manifesto."
"Luigi Mangione had spondylolisthesis, a lower back condition. He wrote about painful symptoms like sciatica on Reddit.",Business Insider,2024-12-11T22:13:31Z,https://www.businessinsider.com/what-is-spondylolisthesis-luigi-mangione-lower-back-condition-2024-12,"Luigi Mangione, who was charged with killing UnitedHealthcare CEO Brian Thompson, had a lower back condition called spondylolisthesis."
"This Tweet ""Predicting"" The Capture Of Luigi Mangione Is Going Viral",Yahoo Entertainment,2024-12-10T19:07:54Z,https://consent.yahoo.com/v2/collectConsent?sessionId=1_cc-session_aa75e479-b1aa-4747-85f7-408a06cbcd61,
‘Rats in the Kitchen’: McDonald’s That Snitched on Luigi Mangione Is Bombarded With One-Star Reviews,Daily Beast,2024-12-10T11:24:50Z,https://www.thedailybeast.com/rats-in-the-kitchen-google-removes-reviews-torching-mcdonalds-after-luigi-mangiones-arrest/,Google has taken down scathing reviews of the McDonald’s where the alleged killer of UnitedHealthcare CEO Brian Thompson was nabbed by cops on Monday. Luigi ...
The mysterious ideology of Luigi Mangione: Anti-corporate hero? Far-right tech bro?,Yahoo Entertainment,2024-12-14T11:00:40Z,https://www.yahoo.com/news/mysterious-ideology-luigi-mangione-anti-110040719.html,"The 26-year-old former data engineer's political ideology, steeped in a hodgepodge of online Silicon Valley tech philosophy and heterodox ideas, defies neat ..."
Luigi Mangione Wrote Online About a Spine Disorder. Other Patients Say It’s Hell,Yahoo Entertainment,2024-12-13T14:00:00Z,https://consent.yahoo.com/v2/collectConsent?sessionId=1_cc-session_114a75a9-6016-449f-8c2c-4a3b45d95f05,
GoFundMe pulls all campaigns for Luigi Mangione as donations pour in for his defense,Yahoo Entertainment,2024-12-14T19:27:00Z,https://consent.yahoo.com/v2/collectConsent?sessionId=1_cc-session_0f210a63-0c65-48d7-899d-f2c9cc0014ea,
"What We Know About Luigi Mangione, Arrested in Connection with UHC CEO Killing",Time,2024-12-09T22:14:32Z,https://time.com/7200981/luigi-mangione-uhc-ceo-killing/,"The suspect arrested in connection with the shooting death of UnitedHealthcare CEO Brian Thompson last week has been identified as Luigi Mangione, a 26-year-old Ivy League graduate from Towson, Maryland."
"Former Manhattan Prosecutor to Represent Luigi Mangione, the Suspect in Killing of UnitedHealthcare’s CEO",Time,2024-12-14T18:34:49Z,https://time.com/7202317/luigi-mangione-prosecutor-suspect-unitedhealthcare-ceo-killing/,"Police say Mangione was found with a gun, mask, and writings linking him to the ambush of UHC CEO Brian Thompson."
Luigi Mangione named as person of interest in shooting of United Healthcare CEO Brian Thompson. He was arrested on PA gun charges.,Business Insider,2024-12-09T18:59:57Z,https://www.businessinsider.com/united-healthcare-uhc-ceo-shooting-suspect-arrested-2024-12,"Luigi Mangione is a person of interest in the fatal shooting of United Healthcare CEO Brian Thompson, officials said."
Social Media Is Flooded With Luigi Mangione Memes and Videos,Gizmodo.com,2024-12-10T19:35:13Z,https://gizmodo.com/social-media-is-flooded-with-luigi-mangione-memes-and-videos-2000536590,"The 26-year-old has become a folk hero online, but Fox News is disgusted."
UnitedHealthcare CEO killing latest: Luigi Mangione to fight extradition to New York,ABC News,2024-12-11T11:20:50Z,https://abcnews.go.com/US/unitedhealthcare-ceo-killing-luigi-mangiones-fights-extradition/story?id=116670461,"""He has constitutional rights and that's what he's doing"" in challenging the interstate transfer, his attorney, Thomas Dickey, told reporters in Pennsylvania."
"Luigi Mangione could face more charges in New York, Manhattan DA says",ABC News,2024-12-11T21:57:17Z,https://abcnews.go.com/US/luigi-mangione-face-charges-new-york-manhattan-da/story?id=116698980,"Luigi Mangione, who is accused of killing Brian Thompson in New York, could face additional charges, according to Manhattan District Attorney Alvin Bragg."
Luigi Mangione Said He Had Spondylolisthesis: What Is It?,Scientific American,2024-12-11T18:30:00Z,https://www.scientificamerican.com/article/luigi-mangione-said-he-had-spondylolisthesis-what-is-it/,"The suspect in the recent shooting of a UnitedHealthcare CEO reportedly had spondylolisthesis, a condition that causes the vertebrae to go out of alignment"
McDonald’s customer who spotted Luigi Mangione details encounter,Yahoo Entertainment,2024-12-10T20:31:44Z,https://consent.yahoo.com/v2/collectConsent?sessionId=1_cc-session_31703208-3826-4b05-a972-a16cf3cc26f7,
Luigi Mangione Has Been Charged With Murder. Here's How The Internet Is Reacting To This News,Buzzfeed,2024-12-11T18:59:46Z,https://www.buzzfeed.com/alexalisitza/reactions-murder-charge-luigi-mangione,Here's how people are reacting to the latest update.View Entire Post ›
Apple’s AI Disastrously Rewrote a BBC Headline to Say Luigi Mangione Shot Himself,Gizmodo.com,2024-12-14T16:00:00Z,https://gizmodo.com/apples-ai-disastrously-rewrote-a-bbc-headline-to-say-luigi-mangione-shot-himself-2000538599,"Luigi Mangione did not shoot himself, but a BBC headline rewritten by Apple iOS would make you believe so."
'This Is A Sickness': People Are Calling This Fox News Clip About Luigi Mangione 'Hypocritical' Because It Bashes Him While Praising Daniel Penny,Yahoo Entertainment,2024-12-15T13:00:00Z,https://consent.yahoo.com/v2/collectConsent?sessionId=1_cc-session_d44cd8b9-2284-484b-adf2-c8d60ad6e9a4,
"Apple Intelligence botched a notification summary about Luigi Mangione, and the BBC isn’t happy",9to5Mac,2024-12-13T19:15:53Z,https://9to5mac.com/2024/12/13/apple-intelligence-summary-luigi-mangione/,"The BBC isn’t pleased with Apple Intelligence’s notification summary feature. The corporation says that the notification summary feature “generated a false headline” about Lugi Magione, who was arrested this week as the suspected killer of the United HealthGr…"
Luigi Mangione was charged with murder - then donations started pouring in,Yahoo Entertainment,2024-12-12T00:48:06Z,https://consent.yahoo.com/v2/collectConsent?sessionId=1_cc-session_e7295cf9-976f-4189-8541-a2444dad2e90,
Luigi Mangione and the blackpilling of America,Vox,2024-12-12T16:32:14Z,https://www.vox.com/culture/390911/luigi-mangione-uhc-shooter-manifesto-reddit-blackpill,"In the days after a hooded gunman shot and killed United Healthcare CEO Brian Thompson in the middle of Manhattan, people on the internet endlessly speculated about the identity and motives of the shooter. Perhaps he was an aspiring folk hero suffering under …"
GoFundMe Pulls All Pro-Luigi Mangione Campaigns,TMZ,2024-12-10T17:03:41Z,https://www.tmz.com/2024/12/10/gofundme-pulls-all-pro-luigi-mangione-campaigns/,"Shortly after Luigi Mangione was apprehended on Monday, admirers of his began setting up GoFundMe pages to help the CEO murder suspect ... but the company has officially shut down all the campaigns, TMZ has learned. Here's the deal ... Luigi…"
Luigi Mangione Officially Charged with Murder in Brian Thompson's Death,TMZ,2024-12-10T04:08:22Z,https://www.tmz.com/2024/12/09/luigi-mangione-charged-with-murder-brian-thompson-death/,"Luigi Mangione has officially been charged with the murder of UnitedHealthcare CEO Brian Thompson ... TMZ has confirmed. According to court records obtained by TMZ ... Mangione was hit with the charges late Monday, for allegedly gunning down the…"
Kim Kardashian Fans Encourage Her to Represent Luigi Mangione,TMZ,2024-12-11T12:52:43Z,https://www.tmz.com/2024/12/11/kim-kardashian-luigi-mangione-x-fans/,"Suspected UnitedHealthCare CEO killer Luigi Mangione already has a lawyer, but some of Kim Kardashian's fans want him replaced by the reality star and aspiring legal eagle. Several of Kim's ardent supporters jumped on X to encourage her to get…"
Unabomber's Brother 'Heartbroken' Manifesto May Have Inspired Luigi Mangione,TMZ,2024-12-10T21:29:07Z,https://www.tmz.com/2024/12/10/ted-kaczynski-brother-heartbroken-unabomber-manifesto-may-have-inspired-luigi-mangione/,"Luigi Mangione left a glowing Goodreads review for Ted Kaczynski's 'Unabomber Manifesto' -- and the possibility it inspired Mangione's alleged murder of UnitedHealthcare CEO Brian Thompson is heartbreaking, says the late criminal’s brother. David…"
"Luigi Mangione Returns to Court for Extradition Hearing, Denied Bail",TMZ,2024-12-10T20:06:46Z,https://www.tmz.com/2024/12/10/luigi-mangione-returns-to-court-for-extradition-hearing-denied-bail/,"Luigi Mangione, the suspected killer in the fatal shooting of UnitedHealthcare CEO Brian Thompson, has returned to court ... with the government's goal to have him extradited to New York City. Mangione has been denied bail Tuesday -- and he's…"
Luigi Mangione Not on Suicide Watch at Pennsylvania Jail,TMZ,2024-12-11T19:23:30Z,https://www.tmz.com/2024/12/11/luigi-mangione-not-on-suicide-watch-pennsylvania-jail/,Luigi Mangione's not on suicide watch after being examined by mental health professionals ... TMZ has learned. A representative for the Pennsylvania Department of Corrections says ... the man accused of killing UnitedHealthcare CEO Brian Thompson…
Luigi Mangione McDonald's Yelp Page Infested With A.I. Rat Art,TMZ,2024-12-11T15:21:17Z,https://www.tmz.com/2024/12/11/luigi-mangione-mcdonalds-yelp-page-ai-rat-art-altoona-pennsylvania/,"Law enforcement may be praising the McDonald's employee who helped capture Luigi Mangione, but his supporters are pissed -- and they're taking it out on the restaurant's Yelp page. Here's the deal ... Mangione was apprehended Monday at a…"
"Luigi Mangione Friendly, Carefree During Asia Trip Months Before Shooting",TMZ,2024-12-11T09:00:01Z,https://www.tmz.com/2024/12/11/luigi-mangione-carefree-during-asia-trip-before-shooting/,"Luigi Mangione, the charged killer in the Brian Thompson murder case, was living his best life in the months prior to the controversial shooting ... enjoying an action-packed trip to Asia earlier this year. A source with direct knowledge tells TMZ…"
Luigi Mangione Exploded Outside Courthouse Because He Had No Attorney,TMZ,2024-12-12T12:24:06Z,https://www.tmz.com/2024/12/12/luigi-mangione-exploded-at-courthouse-because-he-had-no-attorney/,"Accused UnitedHealthcare CEO killer Luigi Mangione went ballistic outside a Pennsylvania courthouse this week because he was ""irritated"" he didn't have legal representation at the time, according to his lawyer. Attorney Thomas Dickey, sat for an…"
Luigi Mangione Receives Public Messages of Support Across Country,TMZ,2024-12-13T18:39:18Z,https://www.tmz.com/2024/12/13/luigi-mangione-public-messages-of-support-across-country/,"The murder of UnitedHealthcare CEO Brian Thompson is inspiring more threatening messages about other CEOs ... and, they're cropping up all over the nation. Check it out ... people are tagging public areas with ""Free Luigi"" -- like the graffiti in…"
"‘SNL’: Weekend Update Tackles Luigi Mangione Arrest, Mystery Drone Sightings",Rolling Stone,2024-12-15T06:38:21Z,http://www.rollingstone.com/tv-movies/tv-movie-news/snl-recap-weekend-update-tackles-luigi-mangione-arrest-drone-sightings-1235206131/,"""This week, America continued the delicate, sensitive debate over who will play this guy in the Netflix miniseries,"" Colin Jost jokes of the alleged killer"
"Who is Luigi Mangione, the suspect in UnitedHealthcare CEO’s murder?",Al Jazeera English,2024-12-10T03:38:57Z,https://www.aljazeera.com/economy/2024/12/10/who-is-luigi-mangione-suspect-in-unitedhealthcare-ceos-murder,"Man, 26, arrested at McDonald’s outlet with a gun and fake IDs on his person, according to police."
"Pennsylvania Gov. Josh Shapiro Slams Luigi Mangione, Says He's 'No Hero'",TMZ,2024-12-10T01:36:59Z,https://www.tmz.com/2024/12/09/pennsylvania-governor-josh-shapiro-slams-luigi-mangione/,Pennsylvania Governor Josh Shapiro is refusing to support the narrative painting Brian Thompson's suspected killer as a modern-day vigilante ... slamming the notion as the murder case continues. The politician spoke out in a press conference Monday…
McDonald's Where Luigi Mangione Was Arrested Sees Beefed-Up Police Presence,TMZ,2024-12-11T17:31:12Z,https://www.tmz.com/2024/12/11/luigi-mangione-mcdonalds-police-extra-security-after-arrest-altoona-pennsylvania/,The McDonald's where suspected UnitedHealthcare CEO killer Luigi Mangione was apprehended is on high alert ... police presence has been beefed up -- whether they want it or not. Altoona Police tell TMZ ... they have increased patrols around the…
Luigi Mangione Debated Using Bomb to Kill UnitedHealthcare CEO Brian Thompson,TMZ,2024-12-11T13:56:03Z,https://www.tmz.com/2024/12/11/luigi-mangione-debated-using-bomb-kill-unitedhealthcare-ceo-brian-thompson/,"Luigi Mangione mulled using a bomb to kill UnitedHealthcare CEO Brian Thompson, but ultimately decided against it to protect the lives of innocent people, TMZ has confirmed. Law enforcement sources tell TMZ ... investigators found a spiral notebook…"
"Etsy Quietly Pulls Luigi Mangione Merch, Keeps 'Deny, Defend, Depose' Gear",TMZ,2024-12-12T15:15:00Z,https://www.tmz.com/2024/12/12/etsy-pulls-luigi-mangione-merchandise/,"Luigi Mangione admirers looking for merch celebrating the suspected killer of UnitedHealthcare CEO Brian Thompson need to look elsewhere ... 'cause Esty has pulled a lot of gear with his infamous face. Even before he was identified, Thompson's…"
"Luigi Mangione Mug Shot Released Ahead of Extradition, New York Charges Filed",TMZ,2024-12-10T17:29:22Z,https://www.tmz.com/2024/12/10/luigi-mangione-mug-shot-released-ahead-of-extradition-new-york-charges-filed/,Accused UnitedHealthcare CEO killer Luigi Mangione looks a little worse for wear in his just-released mug shot -- not to mention he could use a nice shave to remove all the scruff on his face. The Pennsylvania Department of Corrections circulated…
"Luigi Mangione Was on High School Robotics Team, Seen in Competition Video",TMZ,2024-12-10T18:20:40Z,https://www.tmz.com/2024/12/10/luigi-mangione-unitedhealthcare-suspect-maryland-gilman-high-school-robotics-team/,"Luigi Mangione, the accused killer of UnitedHealthcare CEO Brian Thompson, was highly involved in his high school extracurriculars ... which included being a member of the robotics team. A resurfaced 2016 video from Baltimore, Maryland’s Gilman…"
"Luigi Mangione Fan-Made Shirts, Cups, Christmas Ornaments Surge on Etsy",TMZ,2024-12-10T16:26:46Z,https://www.tmz.com/2024/12/10/luigi-mangione-fan-made-shirts-cup-christmas-etsy/,The man accused of fatally shooting the UnitedHealthcare CEO is being celebrated by a portion of the country ... and now some are trying to make a buck off that twisted admiration. Here's the deal ... Luigi Mangione was apprehended Monday ... and…
"Luigi Mangione Smashes Open Beer With Head & Chugs It, Video Shows",TMZ,2024-12-11T20:00:07Z,https://www.tmz.com/2024/12/11/luigi-mangione-chugs-beer-on-video-fraternity-party-university-of-pennsylvania/,"Luigi Mangione, the suspected killer in the Brian Thompson murder case, was unafraid to let loose and have a good time during his college years ... going wild in a video from his time at the University of Pennsylvania. In the video obtained by TMZ…"
Luigi Mangione Gains Thousands of Followers After He's Named in CEO Murder Case,TMZ,2024-12-09T20:55:18Z,https://www.tmz.com/2024/12/09/luigi-mangione-unitedhealthcare-person-of-interest-gains-thousands-social-media-followers/,"Luigi Mangione's social media presence is blowing up after he was named a person of interest in the fatal shooting of UnitedHealthcare CEO Brian Thompson. Check it out ... earlier this morning, Mangione -- who is currently being questioned by…"
Luigi Mangione Yells to Cameras as He's Rushed Into Courthouse by Cops,TMZ,2024-12-10T19:24:27Z,https://www.tmz.com/2024/12/10/luigi-mangione-yelling-at-media-cameras-rushed-into-pennsylvania-courthouse/,The suspected killer of the UnitedHealthcare CEO began shouting toward media cameras as he was quickly rushed into a Pennsylvania courthouse on Tuesday ... where he will face his extradition hearing. Luigi Mangione began shouting as soon as he was…
"Luigi Mangione Was Trolled Outside Courthouse With Super Mario Bros Line, on Video",TMZ,2024-12-11T20:42:56Z,https://www.tmz.com/2024/12/11/luigi-mangione-trolled-outside-courthouse-tuesday-super-mario-bros-line/,"When Luigi Mangione made his initial court appearance Tuesday in Pennsylvania after a nationwide manhunt finally ended a day earlier ... and along with his outburst at the cameras, came some trolling from onlookers. Here's the deal ... Mangione was…"
"Luigi Mangione Wasn't a UnitedHealthcare Client, But Had a 'Life-Altering' Injury",TMZ,2024-12-13T01:01:43Z,https://www.tmz.com/2024/12/12/luigi-mangione-not-unitedhealthcare-client/,"Luigi Mangione, the suspected killer in the murder of UnitedHealthcare CEO Brian Thompson, was never a client of his alleged victim's company ... this according to the NYPD. NYPD Chief of Detectives Joseph Kenny spoke with NBC New York Thursday,…"
"Luigi Mangione Cheered Online with Flood of Super Mario, 'Sopranos' Memes",TMZ,2024-12-10T15:03:43Z,https://www.tmz.com/2024/12/10/luigi-mangione-cheered-online-super-mario-sopranos-memes/,Luigi Mangione is now charged with the cold-blooded killing of the UnitedHealthcare CEO ... and social media is being flooded with memes hailing the suspect as a hero. Here's the deal ... 26-year-old Mangione was apprehended Monday and hours later…
"Luigi Mangione Seen Eating McDonald's Hashbrown Before Arrest, Police Pics Show",TMZ,2024-12-10T16:29:17Z,https://www.tmz.com/2024/12/10/luigi-mangione-eating-mcdonalds-hashbrown-before-arrest/,"Luigi Mangione, the accused killer of UnitedHealthcare CEO Brian Thompson, was arrested at a McDonald's in Pennsylvania Monday ... and in photos released by police, he's seen eating a hashbrown prior to his arrest. Pennsylvania State Police posted…"
"Luigi Mangione Hires Top NY Attorney Karen Friedman Agnifilo, Wife Of Diddy's Lawyer",TMZ,2024-12-14T13:31:07Z,https://www.tmz.com/2024/12/14/luigi-mangione-hires-attorney-karen-friedman-agnifilo-wife-diddy-lawyer/,A husband and wife powerhouse attorney couple are now involved in the two biggest crime cases in the nation ... that of Diddy and Luigi Mangione. Karen Friedman Agnifilo has been retained by Mangione to represent him as he faces murder charges for…
Chris Rock Jokes About Alleged CEO Shooter Luigi Mangione on 'SNL',TMZ,2024-12-15T13:10:08Z,https://www.tmz.com/2024/12/15/chris-rock-jokes-luigi-mangione-jonah-hill-snl-brian-thompson-unitedhealthcare/,"Chris Rock took aim at Luigi Mangione on ""Saturday Night Live"" this week, cracking a stinging joke that compared the alleged CEO shooter's looks to actor Jonah Hill. The comedian walked out onstage for his cold open while hosting 'SNL' and dove…"
Don’t Believe This Cryptic Video Purportedly Uploaded by Luigi Mangione,The Intercept,2024-12-10T04:48:16Z,https://theintercept.com/2024/12/09/youtube-cryptic-video-luigi-mangione-unitedhealthcare-brian-thompson/,"A video went viral after an arrest in Brian Thompson's killing. But a forensic review by The Intercept shows it's a hoax.
The post Don’t Believe This Cryptic Video Purportedly Uploaded by Luigi Mangione appeared first on The Intercept."
Luigi Mangione Is Everywhere,Biztoc.com,2024-12-10T19:37:56Z,https://biztoc.com/x/a517c543a81e1847,"Within hours of Luigi Mangione being charged with the murder of UnitedHealthcare CEO Brian Thompson on Monday, online stores were flooded with T-shirts, hoodies, mugs, stickers, and other merchandise praising the alleged shooter and featuring phrases like: “I…"
"Fingerprints, shell casings link Luigi Mangione to murder scene, police say",Al Jazeera English,2024-12-12T02:00:35Z,https://www.aljazeera.com/news/2024/12/12/fingerprints-shell-casings-link-luigi-mangione-to-murder-scene-police-say,"New York Police Commissioner Jessica Tisch says crime lab analysis shows matches to gun, snack wrapper and water bottle."
How Luigi Mangione got caught,Biztoc.com,2024-12-11T19:32:48Z,https://biztoc.com/x/10eb78dca7b71f64,"Despite impressive detective work, state-of-the-art high-tech policing doesn’t appear to have led to Luigi Mangione's arrest in Brian Thompson's murder."
3 reasons behind the unsettling glorification of Luigi Mangione,CBC News,2024-12-15T09:00:00Z,https://www.cbc.ca/news/world/luigi-mangione-tiktoks-glorification-explanation-1.7410769,"Experts in online communication, clinical psychology and health-care reform believe there are three key reasons so many members of the public seem to be celebrating an accused killer — and they believe they’ve been festering in plain sight for some time."
Luigi Mangione Melts Down Before Hearing And Screams It Is “An Insult To Americans’ Intelligence”,Boredpanda.com,2024-12-10T21:16:12Z,https://www.boredpanda.com/accused-ceo-murderer-luigi-mangione-screams-as-arrives-extradition-hearing/,"The man accused of murdering UHC's Brian Thompson screamed, ""It's an insult to the intelligence of the American people!"" before entering his extradition hearing. Judge denied bail and sent him to a correctional facility as the process continues.
The post Luig…"
Person Of Interest ID’d In UnitedHealthcare CEO Slaying: Ex-Ivy League Student Luigi Mangione,Boredpanda.com,2024-12-09T19:34:50Z,https://www.boredpanda.com/person-of-interest-unitedhealthcare-ceo-brian-thompson-shooting-luigi-mangione-ex-ivy-league/,"""It's always the hot ones""
The post Person Of Interest ID’d In UnitedHealthcare CEO Slaying: Ex-Ivy League Student Luigi Mangione first appeared on Bored Panda."
Luigi Mangione Bragged About His Manhood In A Crude Post Before An Accident Made Intimacy Difficult,Boredpanda.com,2024-12-11T09:20:28Z,https://www.boredpanda.com/homicide-suspect-luigi-mangiones-intimate-secret-after-back-surgery/,"Luigi Mangione, who once joked about his “Pretty huge D---,” couldn't be physically intimate because of his back pain, according to someone who knew him.
The post Luigi Mangione Bragged About His Manhood In A Crude Post Before An Accident Made Intimacy Diffic…"
"Luigi Mangione, Alleged UnitedHealthcare CEO Assassin, Is Heir To Family’s Holiday Resort Fortune",Boredpanda.com,2024-12-10T09:26:44Z,https://www.boredpanda.com/luigi-mangione-heir-family-fortune-created-by-grandparents/,"Luigi Mangione's family, known for their wealth and power in Maryland, said they were “devastated” by his arrest on Monday, December 9.
The post Luigi Mangione, Alleged UnitedHealthcare CEO Assassin, Is Heir To Family’s Holiday Resort Fortune first appeared o…"
“This Is 100% A Set Up”: Forensic Expert Reacts To Luigi Mangione Fingerprint Conspiracy Theories,Boredpanda.com,2024-12-13T13:10:08Z,https://www.boredpanda.com/expert-weighs-in-after-luigi-mangione-advocates-doubt-fingerprints/,"A forensic expert weighed in after Luigi Mangione's arrest for the UnitedHealthcare CEO shooting sparked debates on the evidence found near the crime scene.
The post “This Is 100% A Set Up”: Forensic Expert Reacts To Luigi Mangione Fingerprint Conspiracy Theo…"
"Florida Woman Becomes First Luigi Mangione Copycat To Be Arrested, Left In Tears During Hearing",Boredpanda.com,2024-12-13T10:24:26Z,https://www.boredpanda.com/florida-woman-arrested-saying-delay-deny-depose-insurance-company-luigi-mangione/,"A Florida woman, Briana Boston, was arrested for allegedly threatening her health insurer with phrases linked to the suspected shooter Luigi Mangione after her medical claim was denied.
The post Florida Woman Becomes First Luigi Mangione Copycat To Be Arreste…"
"The Reading List of Luigi Mangione, Suspect in Brian Thompson’s Killing",The Intercept,2024-12-09T21:39:27Z,https://theintercept.com/2024/12/09/unitedhealthcare-ceo-luigi-mangione-reading-list/,"An account linked to Luigi Mangione, a suspect in the killing of UnitedHealthcare’s CEO, left a trail of book reviews online.
The post The Reading List of Luigi Mangione, Suspect in Brian Thompson’s Killing appeared first on The Intercept."
Here’s What Luigi Mangione Reportedly Said About ‘Unabomber’ Ted Kaczynsk,Forbes,2024-12-10T20:55:12Z,https://www.forbes.com/sites/maryroeloffs/2024/12/10/heres-what-luigi-mangione-reportedly-said-about-unabomber-ted-kaczynsk/,Luigi Mangione—the alleged UnitedHealthcare CEO shooter—gave “Unabomber” Ted Kaczynski’s manifesto a four-star review.
Polymarket Users Start Betting On UnitedHealthcare Shooting Suspect Luigi Mangione,Forbes,2024-12-10T15:23:46Z,https://www.forbes.com/sites/stephenpastis/2024/12/10/polymarket-users-start-betting-on-unitedhealthcare-shooting-suspect-luigi-mangione/,A dozen bets have cropped up on the website since the name of the suspect in the killing of the UnitedHealthcare CEO was revealed.
Luigi Mangione Has Become A Social Media Folk Hero,Forbes,2024-12-12T14:41:20Z,https://www.forbes.com/sites/petersuciu/2024/12/12/luigi-mangione-has-become-a-social-media-folk-hero/,Mangione is far from the first accused criminal to earn such praise—and he isn't the first questionable folk hero to go viral on social media.
UnitedHealthcare Reacts After Luigi Mangione Arrested,Eonline.com,2024-12-09T22:45:49Z,https://www.eonline.com/news/1410948/unitedhealthcare-reacts-after-luigi-mangione-arrested,"UnitedHealthcare is remembering Brian Thompson. 
Shortly after authorities arrested Luigi Mangione on firearm charges in Altoona, Pennsylvania, and named him as a person of interest in the Dec. 4..."
What Crimes Was Luigi Mangione Charged With? What To Know,Forbes,2024-12-10T19:03:51Z,https://www.forbes.com/sites/alisondurkee/2024/12/10/what-crimes-was-luigi-mangione-charged-with-what-to-know/,Mangione is expected to face extradition back to New York from Pennsylvania—and will face second-degree murder and several other charges.
"CEO shooting suspect Luigi Mangione expressed 'ill will to corporate America,' NYPD says",Gothamist,2024-12-09T21:20:00Z,https://gothamist.com/news/what-we-know-about-luigi-mangione-the-suspect-in-custody-for-the-midtown-shooting,"Police place bullet casing markers outside of a Hilton Hotel in Midtown Manhattan where United Healthcare CEO Brian Thompson was fatally shot on Dec. 4, 2024 in New York City.
 

Mangione, a University of Pennsylvania graduate, had materials expressing hostil…"
"CEO shooting suspect Luigi Mangione charged with murder in NYC, Manhattan DA says",Gothamist,2024-12-10T15:54:00Z,https://gothamist.com/news/ceo-shooting-suspect-luigi-mangione-charged-with-murder-in-nyc-manhattan-da-says,"Luigi Mangione is seen in a holding cell after being taken into custody on Dec. 9 by Altoona, Pennsylvania police.
 

Mangione, 26, was apprehended in Pennsylvania and charged with separate crimes there on Monday. [ more › ]"
How Luigi Mangione Compares to Unabomber Ted Kaczynski,Biztoc.com,2024-12-11T14:02:05Z,https://biztoc.com/x/ff3d00c6abecf041,"Both men isolated themselves from family and friends, a former FBI profiler told Newsweek."
Luigi Mangione Pictures Met With Cheers at Boston Concert,Biztoc.com,2024-12-15T14:41:54Z,https://biztoc.com/x/2cce7722ff21dfb1,"Attendees at a dance party in Boston cheered when pictures of Luigi Mangione, the man accused in the killing of UnitedHealthcare's CEO, appeared on screen, according to videos posted on social media.
Bop to the Top Tours' Jingle Bop was being held at Big Nigh…"
Murder Suspect Luigi Mangione Was Not Insured by UnitedHealthcare,Eonline.com,2024-12-13T02:33:59Z,https://www.eonline.com/news/1411104/murder-suspect-luigi-mangione-was-not-insured-by-unitedhealthcare,"New details are coming to light about the suspect in the investigation of Brian Thompson's death. 
Luigi Mangione—who was charged with murder in connection to the killing of the UnitedHealthcare..."
UnitedHealthcare CEO Shooting: Luigi Mangione Arrested at McDonald's,Eonline.com,2024-12-09T22:30:00Z,https://www.eonline.com/news/1410947/luigi-mangione-arrested-at-mcdonalds-how-police-found-person-of-interest-in-unitedhealthcare-ceo-death,"The case involving the killing of UnitedHealthcare CEO Brian Thompson continues to unfold. 
On Dec. 9, a person of interest in the case, 26-year-old Luigi Mangione was arrested at a McDonald’s in..."
Luigi Mangione Arrested at McDonald’s: What Police Found on Him,Eonline.com,2024-12-09T23:30:00Z,https://www.eonline.com/news/1410940/luigi-mangione-arrested-what-police-found-amid-unitedhealthcare-case,"Authorities are sharing more details about Luigi Mangione's arrest. 
After taking him into custody on firearm charges in Altoona, Pa. on Dec. 9, police revealed the items they found in possession..."
"Luigi Mangione Case: McDonald's Employee Might Not Get $60,000 Reward",Eonline.com,2024-12-11T15:08:00Z,https://www.eonline.com/news/1411008/luigi-mangione-case-why-mcdonalds-employee-who-reported-him-might-not-get-s60-000-reward,"The McDonald’s employee who relayed Luigi Mangione’s location will not be lovin’ this outcome. 
After the 26-year-old was reported and promptly arrested while visiting a McDonald’s in Altoona,..."
How Luigi Mangione Ended Up Charged With Brian Thompson's Murder,Eonline.com,2024-12-11T00:47:57Z,https://www.eonline.com/news/1410977/how-luigi-mangione-went-from-ivy-league-grad-living-in-hawaii-to-alleged-murderer-of-brian-thompson,"Nothing about Luigi Mangione's initial path in life suggested the turn he would allegedly take.
After a days-long manhunt that ended at a McDonald's in Altoona, Pa., Mangione has been charged with..."
Luigi Mangione Charged With Murder of UnitedHealthcare CEO,Eonline.com,2024-12-10T13:59:28Z,https://www.eonline.com/news/1410961/luigi-mangione-charged-with-murder-of-unitedhealthcare-ceo-brian-thompson,"The public is one step closer to answers in a shocking New York City murder case.   
Hours after Luigi Mangione was apprehended in a Pennsylvania McDonalds on Dec. 9 and named a person of interest..."
Luigi Mangione Merch Is Everywhere,The Cut,2024-12-10T23:00:20Z,http://www.thecut.com/article/luigi-mangione-merch-is-everywhere.html,"Luigi Mangione, the suspect charged with murdering UnitedHealth Care CEO Brian Thompson, has fans making merchandise with his face on it."
UnitedHealthcare Case: First Photo of Luigi Mangione Revealed,Eonline.com,2024-12-10T01:14:35Z,https://www.eonline.com/news/1410951/unitedhealthcare-case-first-photo-of-luigi-mangione-in-police-custody-revealed,Luigi Mangione—a 26-year-old man identified as a person of interest in the murder of UnitedHealthcare CEO Brian Thompson—was taken to a Pennsylvania courthouse following his arrest on firearm charges.
UnitedHealth Group CEO Slams Threats Amid Luigi Mangione Arrest,Eonline.com,2024-12-13T16:11:00Z,https://www.eonline.com/news/1411122/unitedhealth-group-ceo-slams-vitriol-and-threats-aimed-at-employees-amid-luigi-mangione-arrest,"The head of UnitedHealthcare’s parent company is defending its employees following the arrest of Luigi Mangione. 
After the 26-year-old was arrested and charged with the murder of UnitedHealthcare..."
"There’s no evidence Luigi Mangione published a viral, now-deleted Substack article",Poynter,2024-12-11T12:00:12Z,https://www.poynter.org/fact-checking/2024/luigi-mangione-substack-newsletter-unitedhealthcare-ceo-shooter-suspect/,"Luigi Mangione, the suspect charged with murder in UnitedHealthcare CEO Brian Thompson’s Dec. 4 shooting death, left a handwritten document explaining his motivation, New York City police officials said. Police […]
The post There’s no evidence Luigi Mangione …"
What We Know About Luigi Mangione: Alleged UnitedHealthcare Shooter Plans To Plead Not Guilty,Forbes,2024-12-10T23:21:14Z,https://www.forbes.com/sites/mollybohannon/2024/12/10/what-we-know-about-luigi-mangione-alleged-unitedhealthcare-shooter-plans-to-plead-not-guilty/,Luigi Mangione was arrested on gun charges in Pennsylvania and faces a murder charge in New York for the death of UnitedHealthcare CEO Brian Thompson.
"‘Among Us’ Cited As ‘Assassin Game’ Played By Luigi Mangione, Alleged CEO Shooter",Forbes,2024-12-10T14:19:08Z,https://www.forbes.com/sites/paultassi/2024/12/10/among-us-cited-as-assassin-game-played-by-luigi-mangione-alleged-ceo-shooter/,"Luigi Mangione played Among Us with his friends, a game that involves ""assassins"" which has led to a new media narrative."
"What We Know About Luigi Mangione: Alleged UnitedHealthcare Shooter’s Notebook Explained Rationale, Reports Say",Forbes,2024-12-11T14:49:20Z,https://www.forbes.com/sites/mollybohannon/2024/12/11/what-we-know-about-luigi-mangione-alleged-unitedhealthcare-shooter-plans-to-plead-not-guilty/,Luigi Mangione was arrested on gun charges in Pennsylvania and faces a murder charge in New York for the death of UnitedHealthcare CEO Brian Thompson.
Where Was Luigi Mangione In The Months Before UHC Killing? Here's What We Know,Forbes,2024-12-13T17:21:02Z,https://www.forbes.com/sites/mollybohannon/2024/12/13/where-was-luigi-mangione-in-the-months-before-uhc-killing-heres-what-we-know/,Luigi Mangione’s family had reportedly been looking for him for months before he reemerged as the suspected killer of Brian Thompson.
What We Know About Luigi Mangione: Suspect In Brian Thompson Shooting Charged With Murder,Forbes,2024-12-10T04:10:37Z,https://www.forbes.com/sites/mollybohannon/2024/12/09/what-we-know-about-luigi-mangione-suspect-in-brian-thompson-shooting-charged-with-murder/,Luigi Mangione was arrested on gun charges in Pennsylvania and faces a murder charge in New York for the death of UnitedHealthcare CEO Brian Thompson.
UnitedHealthcare Says Suspected Shooter Luigi Mangione Was Not Insured By Company,Forbes,2024-12-13T16:11:14Z,https://www.forbes.com/sites/tylerroush/2024/12/13/unitedhealthcare-says-suspected-shooter-luigi-mangione-was-not-insured-by-company/,Mangione was charged with second-degree murder in the fatal shooting of CEO Brian Thompson.
What We Know About Luigi Mangione: Suspected UnitedHealthcare Shooter Yells While Entering Court,Forbes,2024-12-10T19:10:35Z,https://www.forbes.com/sites/mollybohannon/2024/12/10/what-we-know-about-luigi-mangione-suspected-unitedhealthcare-shooter-yells-while-entering-court/,Luigi Mangione was arrested on gun charges in Pennsylvania and faces a murder charge in New York for the death of UnitedHealthcare CEO Brian Thompson.
Luigi Mangione Fights Extradition To New York—Here’s Why He’s Challenging Move From Pennsylvania,Forbes,2024-12-11T20:22:21Z,https://www.forbes.com/sites/antoniopequenoiv/2024/12/11/luigi-mangione-fights-extradition-to-new-york-heres-why-hes-challenging-move-from-pennsylvania/,"Mangione was charged with forgery and firearms counts in Pennsylvania, where he was arrested, and faces a murder charge in New York."
UnitedHealthcare Shooting Suspect Luigi Mangione Appeared To Suffer From Rare Back Condition—Here’s What To Know,Forbes,2024-12-10T20:31:39Z,https://www.forbes.com/sites/tylerroush/2024/12/10/unitedhealthcare-shooting-suspect-luigi-mangione-appeared-to-suffer-from-rare-back-condition-heres-what-to-know/,"Mangione appeared to document his lower back pain on social media, including some posts that were critical of medical professionals."
"What We Know About Luigi Mangione: Suspected UnitedHealthcare Shooter Found With ‘Written Admissions,’ Police Say",Forbes,2024-12-10T17:28:01Z,https://www.forbes.com/sites/mollybohannon/2024/12/10/what-we-know-about-luigi-mangione-suspected-unitedhealthcare-shooter-found-with-written-admissions-police-say/,Luigi Mangione was arrested on gun charges in Pennsylvania and faces a murder charge in New York for the death of UnitedHealthcare CEO Brian Thompson.
Luigi Beanie Didn't Hit 100K in Sales After Arrest of CEO Shooting Suspect Luigi Mangione,Snopes.com,2024-12-11T00:31:00Z,https://www.snopes.com//fact-check/luigi-beanie-amazon-sales-after-ceo-killing/,"An image authentically shows a screenshot of an Amazon listing reflecting over 100,000 sales of a green Luigi beanie following news of the arrest of Luigi Nicholas' Mangione in the killing of UnitedHealthcare CEO Brian Thompson."
"New York prosecutors charge Luigi Mangione, 26, with UnitedHealthcare CEO’s murder",Biztoc.com,2024-12-10T19:38:11Z,https://biztoc.com/x/beb1511f9945af1e,"New York prosecutors charge Luigi Mangione, 26, with UnitedHealthcare CEO’s murder
Luigi Mangione, pictured in 2016, was charged with murder by New York Prosecutors late on Monday.
Nicole Munchel/The Baltimore Sun/Tribune News Service via Getty Images"
Disney-Themed DJ Concert Features Imagery of Luigi Mangione,Consequence.net,2024-12-14T14:40:35Z,https://consequence.net/2024/12/disney-dj-concert-luigi-mangione/,"""Bop to the Top,"" a Disney Channel-themed DJ concert, has drawn criticism for flashing images of suspected killer Luigi Mangione on screen during a recent event."
How Cops Catch Fugitives Like Luigi Mangione,New York Magazine,2024-12-10T14:56:38Z,http://nymag.com/intelligencer/article/how-cops-catch-fugitives-like-alleged-shooter-luigi-mangione.html,"A former FBI agent sells out the methods cops use to catch fugitives like Luigi Mangione, the suspect in the UnitedHealthcare killing."
"Luigi Mangione Fights NY Extradition, Rages About ""Insult To Intelligence Of American People""",Biztoc.com,2024-12-10T22:02:08Z,https://biztoc.com/x/a3242c3e324c389b,"Luigi Mangione Fights NY Extradition, Rages About ""Insult To Intelligence Of American People"" 
 
The 26-year-old Ivy League school graduate, Luigi Mangione, charged in the murder of UnitedHealth executive Brian Thompson, will fight extradition to New York Cit…"
Here's why the McDonald's employee who reported Luigi Mangione might not get $60K reward,Biztoc.com,2024-12-12T22:46:55Z,https://biztoc.com/x/6e283915e41a9463,"The McDonald's employee who reported Luigi Mangione to authorities might not receive the $60,000 reward.
According to The New York Post, the New York City Police Department (NYPD) and the Federal Bureau of Investigation (FBI) offered a joint $60,000 reward fo…"
Amazon Removes Merch Honoring Accused CEO Assassin Luigi Mangione,Designtaxi.com,2024-12-11T05:22:58Z,https://community.designtaxi.com/topic/6910-amazon-removes-merch-honoring-unitedhealthcare-ceos-accused-assassin-luigi-mangione/,"Left image Prettygrafik | Dreamstime.com, right image generated on AI Following the fatal shooting of UnitedHealthcare CEO Brian Thompson, various platforms have struggled to contain merchandise glorifying the alleged perpetrator, Luigi Mangione. Amazon recen…"
What We Know About Luigi Mangione: Manhattan DA Reportedly Presenting Grand Jury With Evidence On UnitedHealthcare Shooting,Forbes,2024-12-12T20:48:38Z,https://www.forbes.com/sites/mollybohannon/2024/12/12/what-we-know-about-luigi-mangione-manhattan-da-reportedly-presenting-grand-jury-with-evidence-on-unitedhealthcare-shooting/,Luigi Mangione was arrested on gun charges in Pennsylvania and faces a murder charge in New York for the death of UnitedHealthcare CEO Brian Thompson.
"This May Be Why Luigi Mangione—Suspect In UnitedHealthcare CEO Murder—Was Found With Gun, Manifesto: Ex-FBI Special Agent",Forbes,2024-12-11T21:44:46Z,https://www.forbes.com/sites/forbestv/2024/12/11/this-may-be-why-luigi-mangione-suspect-in-unitedhealthcare-ceo-murder-was-found-with-gun-manifesto-ex-fbi-special-agent/,"On “Forbes Newsroom,” former FBI special agent David Shapiro reacted to the items found on Luigi Mangione, the suspect charged in the fatal UnitedHealthcare CEO shooting."
"What We Know About Luigi Mangione: Alleged UnitedHealthcare Shooter’s Gun Matches Shell Casings From Scene, NYPD Says",Forbes,2024-12-11T19:21:20Z,https://www.forbes.com/sites/mollybohannon/2024/12/11/what-we-know-about-luigi-mangione-alleged-unitedhealthcare-shooters-gun-matches-shell-casings-from-scene-nypd-says/,Luigi Mangione was arrested on gun charges in Pennsylvania and faces a murder charge in New York for the death of UnitedHealthcare CEO Brian Thompson.
CEO killing suspect Luigi Mangione hires prominent NY attorney,TODAY,2024-12-15T13:13:26Z,https://www.today.com/video/ceo-killing-suspect-luigi-mangione-hires-prominent-ny-attorney-227108421692,"Luigi Mangione, the man charged with murder in the killing of UnitedHealthcare CEO Brian Thompson, retained a high-profile attorney as he faces extradition to New York. NBC’s Priscilla Thompson reports for Sunday TODAY."
What We Know About Luigi Mangione: Police Have ‘No Indication’ Suspected Shooter Of UnitedHealthcare CEO Was A Client,Forbes,2024-12-12T23:23:47Z,https://www.forbes.com/sites/mollybohannon/2024/12/12/what-we-know-about-luigi-mangione-police-have-no-indication-suspected-shooter-of-unitedhealthcare-ceo-was-a-client/,Luigi Mangione was arrested on gun charges in Pennsylvania and faces a murder charge in New York for the death of UnitedHealthcare CEO Brian Thompson.
SNL Cold Open Proves Lukewarm As”Sexy Slayer” Luigi Mangione Gets The Nancy Grace Treatment In On The Week HeathCare CEO Killer Arrested,Deadline,2024-12-15T04:56:00Z,http://deadline.com/2024/12/snl-cold-open-luigi-mangione-chris-rock-1236204011/,It was YouTube’s Crime Stories with Nancy Grace tonight all over Saturday Night Live’s cold open with “healthcare assassin” Luigi Mangione as Sarah Sherman and the NBC late night show took on the fan club the killer of UnitedHealthCare’s CEO since his arrest …
The Meme Glorification of Luigi Mangione,Hyperallergic,2024-12-11T22:11:45Z,http://hyperallergic.com/974040/the-meme-glorification-of-luigi-mangione/,Gen-Z’s shared generational status with the suspected UnitedHealthcare CEO assassin and frustrations with the US healthcare system have led to an outpouring of sardonic reactions.
[Removed],[Removed],2024-12-11T07:26:17Z,https://removed.com,[Removed]
Luigi Mangione Has a Fan Club at Pennsylvania Prison,New York Magazine,2024-12-12T15:52:14Z,http://nymag.com/intelligencer/article/luigi-mangione-sci-huntington-prison.html,"Luigi Mangione appears to have a fan club at SCI Huntington, the correctional facility where he is being held in Pennsylvania as he fights extradition to New York City."
Main Character of the Week: Luigi Mangione,The Daily Dot,2024-12-14T12:00:00Z,https://www.dailydot.com/news/main-character-of-the-week-luigi-mangione/,"Here’s the Trending team
’s main character of the week: It’s Luigi Mangione, the shooting suspect from the killing of UnitedHealthcare CEO Brian Thompson.
This is where I’d recap what’s happened with Mangione in the macro, but I can’t imagine anyone reading …"
Why Luigi Mangione Allegedly Killed UnitedHealthcare CEO - Full Manifesto Revealed,Just Jared,2024-12-11T16:01:37Z,https://www.justjared.com/2024/12/11/why-luigi-mangione-allegedly-killed-unitedhealthcare-ceo-full-manifesto-revealed/,"Luigi Mangione’s manifesto has been revealed. The 26-year-old, who faces a murder charge after allegedly fatally shooting UnitedHealthcare CEO Brian Thompson in New York City, wrote his reasoning for the crime. The manifesto was obtained and published on Subs…"
‘Strangest’ Interview Has Inmates Yelling About Luigi Mangione From Their Cells,Designtaxi.com,2024-12-13T07:07:11Z,https://community.designtaxi.com/topic/6983-strangest-interview-has-inmates-yelling-their-thoughts-on-luigi-mangione-from-their-cells/,"While NewsNation correspondent Alex Caprariello reported from outside Pennsylvania’s State Correctional Institution in Huntingdon, where Luigi Mangione—the accused shooter of UnitedHealthcare CEO Brian Thompson—is being held, a chorus of voices erupted from t…"
Luigi Mangione & America's pent up pain,NPR,2024-12-13T08:00:59Z,https://www.npr.org/2024/12/13/1219032782/luigi-mangione-heatlhcare-crisis,"Luigi Mangione is alleged to have shot and killed United Healthcare CEO Brian Thompson, and even before he was identified, the reaction to the shooter was far different than other instances of gun violence. Today on It's Been A Minute, guest host Gene Demby t…"
"Luigi Mangione wasn’t insured by UnitedHealthcare, the company says",MSNBC,2024-12-13T17:47:00Z,https://www.msnbc.com/top-stories/latest/luigi-mangione-unitedhealthcare-insurance-rcna184124,"Luigi Mangione, the suspect in the UnitedHealthcare CEO shooting, was not insured by the company, deepening questions about a motive in Brian Thompson’s killing."
Luigi Mangione Is America Whether We Like It or Not,Thenation.com,2024-12-12T18:58:01Z,https://www.thenation.com/article/society/luigi-mangione-is-america-whether-we-like-it-or-not/,"Natalie Shure



While very few Americans would sincerely advocate killing insurance executives, tens of millions have likely joked that they want to. There’s a clear reason why.




The post Luigi Mangione Is America Whether We Like It or Not appeared firs…"
The Bizarre Infatuation With Luigi Mangione Won’t Help Him Beat a Murder Case,New York Magazine,2024-12-12T11:00:51Z,http://nymag.com/intelligencer/article/infatuation-with-luigi-mangione-wont-help-him-in-court.html,It’s one thing for Mangione’s admirers to pop off on social media and post jokey memes or even to express sincere (if misguided) empathy or support for the guy. But a criminal trial has a way of forcing people to get serious.
Is Luigi Mangione How Pizza Beans Finally Go Mainstream?,Eater,2024-12-13T19:51:25Z,https://www.eater.com/24320621/luigi-mangione-pizza-beans-correctional-institution-huntingdon-origin-smitten-kitchen-recipe,"At the State Correctional Institution at Huntingdon, Luigi Mangione reportedly has dinner options of “chicken Parmesan or something called pizza beans.” But many of us know pizza beans are a beloved Smitten Kitchen recipe."
Luigi Mangione Backpack Maker Distances Itself From UnitedHealthcare CEO Homicide Investigation,Vanity Fair,2024-12-15T17:54:32Z,https://www.vanityfair.com/style/story/luigi-mangione-peak-design-backpack-ceo,"Peak Design CEO Peter Dering contacted police after recognizing the backpack during the Mangione manhunt, prompting customer backlash and threats."
"Luigi Mangione, the suspected killer of the UnitedHealthCare CEO",Typepad.com,2024-12-12T16:25:53Z,https://leiterreports.typepad.com/blog/2024/12/luigio-mangione-the-suspected-killer-of-the-unitedhealthcare-ceo.html,"The right-wing media (starting, I believe, with the New York Post) has dubbed him an ""anti-capitalist,"" despite no evidence of that. Before his Goodreads page went private, you could see that on his list of books he'd read were drivel..."
What Luigi Mangione and Daniel Penny Are Telling Us About America,Thenation.com,2024-12-13T15:22:12Z,https://www.thenation.com/article/society/luigi-mangione-daniel-penny-vigilantism/,"Caleb Brennan



When social structures corrode, as they are doing now, they trigger desperate deeds like Mangione’s, and rightist vigilantes like Penny.




The post What Luigi Mangione and Daniel Penny Are Telling Us About America appeared first on The Na…"
"Luigi Mangione wrote that he considered using a bomb in notebook, sources say",CBS News,2024-12-12T00:12:00Z,https://www.cbsnews.com/video/luigi-mangione-wrote-considered-using-bomb-notebook-sources-say/,"The NYPD announced Wednesday that it discovered shell casings and fingerprints that link Luigi Mangione, the suspect in UnitedHealthcare CEO Brian Thompson's murder, to the crime scene. Law enforcement sources also say Magione wrote that he considered using a…"
The evidence a grand jury is seeing on the case against Luigi Mangione,CBS News,2024-12-13T20:50:00Z,https://www.cbsnews.com/video/the-evidence-a-grand-jury-is-seeing-on-the-case-against-luigi-mangione/,"A New York grand jury is being presented with evidence collected in the case against Luigi Mangione, the suspect in the killing of UnitedHealthcare CEO Brian Thompson. CBS News' Anna Schecter has more on what's known about the case."
Eye Opener: NYPD says evidence places Luigi Mangione at scene of CEO's killing,CBS News,2024-12-12T15:30:00Z,https://www.cbsnews.com/video/eye-opener-nypd-says-evidence-places-luigi-mangione-at-scene-of-ceos-killing/,"The NYPD says it has evidence that places Luigi Mangione at the scene of the killing of UnitedHealthcare CEO Brian Thompson. Also, FBI Director Christopher Wray says he will resign under pressure from President-elect Donald Trump. All that and all that matter…"
Luigi Mangione defense questions as new evidence is pinned in UnitedHealthcare CEO shooting,CBS News,2024-12-12T19:55:00Z,https://www.cbsnews.com/video/what-will-be-luigi-mangiones-defense-as-new-evidence-is-pinned-in-unitedhealthcare-ceo-shooting/,There are new details about pieces of evidence that New York officials are testing in the case of UnitedHealthcare CEO Brian Thompson's murder. CBS News legal contributor Jessica Levinson has more on what could be Luigi Mangione's defense.
New York Times didn't publish 'anti-Israeli' headline about Luigi Mangione | Fact check,Yahoo Entertainment,2024-12-13T23:25:47Z,https://consent.yahoo.com/v2/collectConsent?sessionId=1_cc-session_52f6ebab-7e61-4365-a80f-ac0832ef3992,
Health insurer says Luigi Mangione wasn't a client amid copycat arrest,ABC News (AU),2024-12-13T20:43:17Z,https://www.abc.net.au/news/2024-12-14/unitedhealthcare-on-luigi-mangione-after-brian-thompson-death/104725782,"Luigi Mangione, the man charged with the murder of a UnitedHealthcare CEO, was not a customer of the health insurer it reveals, as parent company makes its first public comments."
"'Nothing more, nothing less': Writings show wandering path across the globe for Luigi Mangione",Yahoo Entertainment,2024-12-14T10:10:50Z,https://consent.yahoo.com/v2/collectConsent?sessionId=1_cc-session_56147d10-d7d0-4610-ae93-b25cfcf7a9dc,
Luigi Mangione and Sean “Diddy” Combs Have One Thing In Common: Their Defense Attorneys Are Married To Each Other.,Vanity Fair,2024-12-14T18:31:08Z,https://www.vanityfair.com/style/story/luigi-mangione-sean-diddy-combs-trial-case-attorneys,"Former prosecutor Karen Friedman Agnifilo has been retained by UnitedHealth CEO Brian Thompson's suspected shooter, while her husband, Marc Agnifilo, works to free Diddy from federal sex trafficking and racketeering charges."
Luigi Mangione is not a hunk or hero and there's a danger in forgetting that,Advocate.com,2024-12-15T15:23:44Z,https://www.advocate.com/voices/luigi-mangione-not-hunk-hero,"I remember when Ted Bundy made national headlines after finally being captured in 1978. And what I remember about that is people were talking about how good-looking he was, and well educated, and not the stereotypical murderer."
Luigi Mangione wasn’t at Night 3 of the Miami Eras Tour,The Daily Dot,2024-12-12T18:50:51Z,https://www.dailydot.com/debug/luigi-mangione-taylor-swift-eras-tour-miami/,"Fans of Taylor Swift are convinced that Luigi Mangione, the 26-year-old charged with the murder of United Healthcare CEO Brian Thompson, is just like them—a Swiftie.


The claim stems from a photo of Mangione making the rounds, which Swifties say shows him at…"
Fears fly over secret McDonald’s facial recognition kiosks after Luigi Mangione arrest,The Daily Dot,2024-12-13T17:52:45Z,https://www.dailydot.com/debug/luigi-mangione-mcdonalds-facial-recognition/,"There is no shortage of conspiracy theories surrounding Luigi Mangione, the 26-year-old charged with murder in the killing of United Healthcare CEO Brian Thompson.


But a new theory circulating online does not claim he is innocent, unlike several other popul…"
Why The McDonald’s Employee Who Reported Luigi Mangione Might Not Get The $60K Reward,Livejournal.com,2024-12-12T13:22:33Z,https://ohnotheydidnt.livejournal.com/129702700.html,"McDonald’s worker might not receive the $60k reward for alerting the police about Luigi Mangione’s whereabouts, as they did not follow the proper steps. The employee did not use the Crime Stoppers hotline or website, through which the reward is offered. Addit…"
"Luigi Mangione roundup: Disney concert-goers go wild for his pics, NYC lawyer named",Livejournal.com,2024-12-14T21:06:50Z,https://ohnotheydidnt.livejournal.com/129719225.html,"During a Disney Channel-themed dance party in Boston on Friday, a DJ played Hannah Montana's ""He Could Be the One"" and flashed imagery of suspected killer Luigi Mangione, drawing cheers from the crowd.pic.twitter.com/ztL1Z9O6xP
— CONSEQUENCE (@consequence) D…"
Luigi Mangione: Five Unanswered Questions,Newsweek,2024-12-13T14:21:36Z,https://www.newsweek.com/luigi-mangione-five-unanswered-questions-2000346,"Mangione is accused of killing UnitedHealthcare CEO Brian Thomson, who was gunned down in an early morning attack in New York City."
"After his disappearance, Luigi Mangione re-emerged as the suspect in a high-profile killing. Those who knew him are dazed.",NBC News,2024-12-14T12:00:00Z,https://www.nbcnews.com/news/us-news/luigi-mangione-disappeared-before-thompson-shooting-rcna183996,"Months before United Healthcare CEO Brian Thompson's death, suspect Luigi Mangione disappeared, and loved ones desperately tried to reach him."
Apple AI-Generated News Alert Claims Luigi Mangione Shot Himself,TheWrap,2024-12-14T17:50:04Z,https://www.thewrap.com/apple-ai-generated-news-alert-claims-luigi-mangione-shot-himself/,"The news alerts are available for iPhone users using the iOS 18.1 system version or later on all iPhone 16s, the 15 Pro, and the 15 Pro Max
The post Apple AI-Generated News Alert Claims Luigi Mangione Shot Himself appeared first on TheWrap."
"Luigi Mangione, accused killer of UnitedHealthcare CEO Brian Thompson, was not insured through his victim’s company, sources say",Yahoo Entertainment,2024-12-13T00:06:00Z,https://consent.yahoo.com/v2/collectConsent?sessionId=1_cc-session_42bce7e2-f047-4830-b620-d74d6bc4882e,
‘Sims 4’ players are creating Luigi Mangione characters to play with—complete with thick eyebrows and an orange jumpsuit,The Daily Dot,2024-12-13T12:45:32Z,https://www.dailydot.com/pop-culture/luigi-mangione-the-sims-4/,"Luigi Mangione, the UnitedHealthcare CEO murder suspect-turned-internet sensation, has received some of the web's finest treatment this week. We've seen the man meme'd in so many ways. Some of the internet is dedicated to celebrating her heartthrob status, wh…"
‘With the discount code of…’: Man claims Macy’s is promoting jacket worn by Luigi Mangione. He’s not wrong,The Daily Dot,2024-12-12T03:00:17Z,https://www.dailydot.com/news/macys-puts-luigi-mangione-jacket-on-sale/,"The apparent jacket worn by the man who shot and killed UnitedHealthCare CEO Brian Thompson last week is now on sale at Macy’s.


The internet has certainly grown fond of alleged shooter Luigi Mangione. Many have coined him to be a hero while lookalike contes…"
Luigi Mangione Fundraiser Hits $70k: 'American Hero',Newsweek,2024-12-13T16:02:21Z,https://www.newsweek.com/luigi-mangione-fundraiser-hits-70k-american-hero-united-healthcare-2000374,"A fundraiser for Luigi Mangione is aiming to raise $200,000 for his legal fees."
Luigi Mangione Conspiracy Theories Flood Social Media,Newsweek,2024-12-13T19:57:11Z,https://www.newsweek.com/luigi-mangione-conspiracy-theories-social-media-2000657,"Amateur sleuths have focused on cryptic symbols, biblical references, and the number 286, which some believe holds the key to unraveling the case."
Luigi Mangione Gets Date for New Hearing,Newsweek,2024-12-12T22:17:20Z,https://www.newsweek.com/luigi-mangione-gets-date-new-hearing-2000128,"According to court documents, the suspect in the killing of UnitedHealthcare CEO Brian Thompson will appear for a hearing later this month."
Why Luigi Mangione Is Being Treated as a Folk Hero,The New Yorker,2024-12-12T19:37:08Z,https://www.newyorker.com/podcast/political-scene/why-luigi-mangione-is-being-treated-as-a-folk-hero,"“No matter where you might find yourself on the ideological spectrum,” Jia Tolentino says, “there is a high chance that you feel that health-insurance companies are merchants of death.”"
"Luigi Mangione Is 'Political Prisoner,' Supporters Say",Newsweek,2024-12-13T22:10:11Z,https://www.newsweek.com/luigi-mangione-supporters-political-prisoner-2000487,"The December 4 Legal Committee, the group fundraising for Luigi Mangione's legal fees, tells Newsweek he's a political prisoner."
Sanguisugabogg Sparks Controversy with Post and T-Shirt Supporting Luigi Mangione,MetalSucks,2024-12-12T15:23:10Z,https://www.metalsucks.net/2024/12/12/sanguisugabogg-sparks-controversy-with-post-and-t-shirt-supporting-luigi-mangione/,"This shirt is sick.
The post Sanguisugabogg Sparks Controversy with Post and T-Shirt Supporting Luigi Mangione appeared first on MetalSucks."
Luigi Mangione: Touch of Evil,Washington Free Beacon,2024-12-13T10:00:04Z,https://freebeacon.com/columns/luigi-mangione-touch-of-evil/,"The arrest of Luigi Mangione for the murder of UnitedHealthcare CEO Brian Thompson is more than a criminal case. It is a test of America's ability to distinguish right from wrong. At this point, far too many Americans have flunked that test.
The post Luigi Ma…"
Luigi Mangione Fundraiser Update as Donations Near Milestone,Newsweek,2024-12-12T17:51:48Z,https://www.newsweek.com/luigi-mangione-fundraiser-donations-ceo-unitedhealthcare-shooter-1999971,"A GiveSendGo fundraiser created for Luigi Mangione has nearly $50,000 in donations."
Will Luigi Mangione Go to Rikers Island? What We Know,Newsweek,2024-12-13T11:39:53Z,https://www.newsweek.com/luigi-mangione-rikers-island-extradition-brian-thompson-murder-new-york-2000273,"A federal judge recently threatened to send in a receiver to take over the notorious prison, which could soon home the man accused of shooting Brian Thompson."
Kevin O'Leary Issues Warning to CEOs After Luigi Mangione Reaction,Newsweek,2024-12-12T11:13:08Z,https://www.newsweek.com/kevin-oleary-warning-ceos-luigi-mangione-brian-thompson-united-healthcare-1999632,Shark Tank star Kevin O'Leary said CEOs are learning the wrong lessons from Brian Thompson's killing.
How Online Fashion Fans Went Wild for Luigi Mangione,Newsweek,2024-12-13T12:02:20Z,https://www.newsweek.com/luigi-mangione-fashion-trend-united-healthcare-brian-thompson-2000277,"Mangione's clothes play ""into comic book narratives of ordinary people gaining extraordinary powers"" one fashion expert told Newsweek."
Luigi Mangione Fundraiser Organizers Want to Upend Health Care System,Newsweek,2024-12-12T22:20:04Z,https://www.newsweek.com/luigi-mangione-gofundme-fundraiser-expenses-unitedhealth-ceo-murder-2000058,"Sam Beard, spokesperson for the December 4 Legal Committee, tells Newsweek about creating a GiveSendGo fundraiser for Mangione."
Who Is Karen Friedman Agnifilo? Luigi Mangione Hires New Lawyer,Newsweek,2024-12-14T18:20:22Z,https://www.newsweek.com/who-karen-friedman-agnifilo-luigi-mangione-hires-new-lawyer-2000874,Mangione has hired the Manhattan lawyer to represent him in New York amid the deadly shooting of UnitedHealthcare CEO Brian Thompson.
Luigi Mangione 'Public Defense' Fund Nears Major Milestone,Newsweek,2024-12-14T17:49:52Z,https://www.newsweek.com/luigi-mangione-public-defense-fund-nears-major-milestone-2000866,Luigi Mangione is fighting extradition to New York where he has been charged with the murder of United Healthcare CEO Brian Thompson.
How Luigi Mangione Became a 'Gay Icon' Online,Newsweek,2024-12-15T10:00:02Z,https://www.newsweek.com/how-luigi-mangione-became-gay-icon-online-2000660,"The alleged killer has been described as a ""sex symbol"" and ""radiant,"" with many NSFW posts circulating widely on social media."
"Luigi Mangione May Face Additional Charges, Alvin Bragg Says",Newsweek,2024-12-12T01:30:50Z,https://www.newsweek.com/luigi-mangioni-additional-charges-alvin-bragg-1999556,Mangione is already facing a murder charge for last week's killing of UnitedHealthcare CEO Brian Thompson.
Will Luigi Mangione Face the Death Penalty? What We Know,Newsweek,2024-12-13T11:11:37Z,https://www.newsweek.com/luigi-mangione-death-penalty-what-we-know-2000247,"Mangione, 26, is charged in the killing of UnitedHealthcare CEO Brian Thompson in New York."
'SNL' Jokes About Luigi Mangione Becoming 'Sex Icon',Newsweek,2024-12-15T09:52:16Z,https://www.newsweek.com/snl-jokes-about-luigi-mangione-becoming-sex-icon-2000992,The show's cold open tackled the internet's obsession with the man accused of killing UnitedHealthcare CEO Brian Thompson.
Luigi Mangione Fundraiser Gets More Than Kohberger Victim's Family GoFundMe,Newsweek,2024-12-13T17:07:38Z,https://www.newsweek.com/luigi-mangione-bryan-kohberger-fundraiser-idaho-murders-victims-2000483,A fundraiser for Luigi Mangione's legal defense has surpassed funds raised for the family of a University of Idaho murder victim.
Corrupt Media Obsess Over Luigi Mangione After Memory Holing Trump’s Would-Be Assassins,The Federalist,2024-12-13T15:07:00Z,https://thefederalist.com/2024/12/13/corrupt-media-obsess-over-luigi-mangione-after-memory-holing-trumps-would-be-assassins/,"While the media has become obsessed with alleged killer Luigi Mangione, they tried to memory hole Trump's would-be assassins."
Luigi Mangione Risks Losing $30M Inheritance,Coed.com,2024-12-13T19:57:23Z,https://coed.com/2024/12/13/luigi-mangione-risks-losing-30m-inheritance/,"Luigi Mangione is 26 years old. He might be in big trouble because of what he’s accused of doing. People say he comes from a rich family, but now he might not get any of that money."
Luigi Mangione takes lead in 2028 Dem primary polls,Wnd.com,2024-12-13T00:08:45Z,https://www.wnd.com/2024/12/luigi-mangione-takes-lead-in-2028-dem-primary-polls/,"'He's ruthless, uninformed, deranged – and he's willing to kill people he disagrees with'"
Luigi Mangione Retains Frequent Cable News Guest and Former Federal Prosecutor as Attorney,Mediaite,2024-12-14T03:19:31Z,https://www.mediaite.com/tv/luigi-mangione-retains-frequent-cable-news-guest-and-former-federal-prosecutor-as-attorney/,"Luigi Mangione, the man suspected of killing UnitedHealthcare CEO Brian Thompson last week in New York, has hired a high-powered attorney and a former CNN legal analyst to represent him in the case. CNN reported Friday evening that Mangione had retained Karen…"
Apple Takes Heat Over False AI-Generated ‘News’ Alert: ‘Luigi Mangione Shoots Himself’,Mediaite,2024-12-14T02:01:08Z,https://www.mediaite.com/tech/apple-takes-heat-over-false-ai-generated-news-alert-luigi-mangione-shoots-himself/,Apple is facing criticism after its artificial intelligence service generated a BBC News alert that falsely claimed suspected assassin Luigi Mangione had shot himself. Mangione has been charged with murder in New York after police say he gunned down UnitedHea…
False Luigi Mangione suicide report triggers BBC complaint to Apple AI,Boston Herald,2024-12-14T01:06:15Z,https://www.bostonherald.com/2024/12/13/luigi-mangione-suicide-false-report-apple-intelligence-complaint/,A false AI-powered headline indicating accused murderer Luigi Mangione had committed suicide is causing a row overseas.
Luigi Mangione Donors Don't Want People to Know They're Giving Him Money,Newsweek,2024-12-13T22:54:18Z,https://www.newsweek.com/luigi-mangione-givesendgo-fund-donors-unitedhealth-ceo-murder-2000719,Over a dozen donors who gave $200 or more to a fundraiser for Mangione's defense submitted the money anonymously.
Video of Trump Ally Peter Thiel's Remarks on Luigi Mangione Take Off Online,Newsweek,2024-12-13T17:41:32Z,https://www.newsweek.com/peter-thiel-luigi-mangione-piers-morgan-video-2000556,Entrepreneur has denounced alleged killer of UnitedHealthcare CEO Brian Thompson
Fact Check: Did High School Students Stage 'Walkout for Luigi' Mangione?,Newsweek,2024-12-13T17:24:49Z,https://www.newsweek.com/fact-check-did-high-school-students-stage-walkout-luigi-mangione-2000527,One recent social media post showed what was purported to be an entire high school walking out in support of the suspected shooter.
Week in Review: Luigi Mangione Goes Viral (For All the Wrong Reasons),Newsweek,2024-12-13T18:17:50Z,https://www.newsweek.com/week-review-luigi-mangione-goes-viral-all-wrong-reasons-2000594,Newsweek's H. Alan Scott breaks down the week in pop culture and entertainment news.
Luigi Mangione Trial: How Important Is Shooting Witness to the Case?,Newsweek,2024-12-13T18:50:36Z,https://www.newsweek.com/luigi-mangione-unitedhealth-ceo-shooting-witness-court-2000598,Lawyers spoke to Newsweek about how a witness could impact Mangione's case in the shooting death of United Healthcare CEO Brian Thompson.
Who Is Briana Boston? Luigi Mangione Copycat Arrested Over Insurance Threat,Newsweek,2024-12-13T11:15:57Z,https://www.newsweek.com/who-briana-boston-luigi-mangione-brian-thompson-2000268,Florida woman Briana Boston was arrested by police after she made a statement to her health insurance provider which was seen as a threat.
Luigi Mangione Beefs Up Legal Team as He Faces Extradition to N.Y.: Report,Newsweek,2024-12-14T03:24:41Z,https://www.newsweek.com/luigi-mangione-karen-friedman-agnifilo-unitedhealthcare-shooting-2000784,"Mangione hired a former prosecutor from the Manhattan District Attorney's Office to represent him in New York, CNN reported."
"Luigi Mangione Might Agree to Be Moved to New York, Alvin Bragg Says",Newsweek,2024-12-13T23:30:02Z,https://www.newsweek.com/luigi-mangione-extradition-new-york-2000756,"Mangione has been fighting extradition since he was first arrested, but he might stop as soon as next week, Bragg said."
Luigi Mangione: 'Law & Order' Episode Had Similar Story Line 20 Years Ago,Newsweek,2024-12-13T00:14:10Z,https://www.newsweek.com/luigi-mangioni-law-order-episode-20-years-ago-2000134,"A ""Law & Order"" episode from 2002 focused on the murder of a health insurance executive in New York City."
EXCLUSIVE: Luigi Mangione Getting 'High' on Sugar Behind Bars as He Awaits Trial For UnitedHealthcare CEO Brian Thompson's Cold-Blooded Killing,Radaronline.com,2024-12-13T16:47:53Z,https://radaronline.com/p/luigi-mangione-getting-high-on-sugar-behind-bars-as-he-awaits-trial-for-unitedhealthcare-ceo-brian-thompsons-alleged-murder/,Murder suspect Luigi Mangione is getting 'high' on sugar behind bars as he orders from a shopping list of sweet treats and soda and can even buy designer sneakers from the comfort of his jail bunk.
WATCH: Crowd of Partygoers Erupts in Cheers as DJ Displays Photos of Luigi Mangione: 'You Gotta Give the People What They Want',International Business Times,2024-12-14T19:27:19Z,https://www.ibtimes.com/watch-crowd-partygoers-erupts-cheers-dj-displays-photos-luigi-mangione-you-gotta-give-3755503,"Videos of a Disney-themed dance party have gone viral after a DJ at the party displayed photos of Luigi Mangione, the alleged killer of UnitedHealthcare CEO Brian Thompson, causing the crowd to erupt into cheers."
How 'CEO Assassin' Luigi Mangione Could Miss Out on $100Million Fortune 'Left by Grandmother' As His Family's Huge Wealth is Revealed,Radaronline.com,2024-12-13T21:30:00Z,https://radaronline.com/p/ceo-assassin-luigi-mangione-fortune-grandmother-family-wealth-revealed/,"The 26-year-old hails from an extremely wealthy and well-known family, meaning he could miss out on a massive fortune due to his recent felony charges."
"WATCH: Chris Rock Takes On Trump, Elon Musk and Luigi Mangione in No Holds Barred SNL Monologue",Mediaite,2024-12-15T14:22:46Z,https://www.mediaite.com/entertainment/watch-chris-rock-takes-on-trump-elon-musk-and-luigi-mangione-in-no-holds-barred-snl-monologue/,"Chris Rock returned to SNL to host for the fourth time on Saturday — and kicked off the show with a scorching monologue aimed at a variety of targets.
The post WATCH: Chris Rock Takes On Trump, Elon Musk and Luigi Mangione in No Holds Barred SNL Monologue fir…"
The BBC complains to Apple after Apple Intelligence's notification summary falsely suggested the BBC had published an article saying Luigi Mangione shot himself (Graham Fraser/BBC),Mediagazer.com,2024-12-13T22:00:58Z,https://mediagazer.com/241213/p13,"Graham Fraser / BBC:
The BBC complains to Apple after Apple Intelligence's notification summary falsely suggested the BBC had published an article saying Luigi Mangione shot himself  —  The BBC has complained to Apple after the tech giant's new iPhone feature…"
Luigi Mangione May Lose Out On His Piece Of $30M Inheritance,BroBible,2024-12-13T19:33:45Z,https://brobible.com/culture/article/luigi-mangione-may-lose-inheritance/,"The 26-year-old suspect in the murder of United HealthCare CEO Brian Thompson, Luigi Mangione, reportedly comes from family money. As a result of his alleged crime, however, he may have forfeited his inheritance. Luigi Mangione, 26 years old, was arrested on …"
The devil and Luigi Mangione,Shesabeast.co,2024-12-13T05:47:01Z,https://www.shesabeast.co/back-injury-chronic-pain-uhc-shooter-luigi-mangione/,"Luigi Mangione appeared to try everything for 
 chronic pain from a back injury that hampered his physical livelihood and dating life, and struggled to receive support even as he tried to provide it for others."
Chris Rock jokes ‘no one would care’ about Luigi Mangione if he looked like Jonah Hill in ‘SNL’ monologue,Page Six,2024-12-15T14:32:53Z,https://pagesix.com/2024/12/15/entertainment/chris-rock-jokes-no-one-would-care-about-luigi-mangione-if-he-looked-like-jonah-hill-in-snl-monologue/,"""But you also got to go, 'You know, sometimes drug dealers get shot.' I mean, you've seen 'The Wire,' right?"" the actor said as the audience laughed."
Luigi Mangione and the Making of a Modern Antihero,The New Yorker,2024-12-13T17:10:50Z,https://www.newyorker.com/news/the-lede/luigi-mangione-and-the-making-of-a-modern-antihero,"Jessica Winter writes about the American tradition of the outlaw and how Luigi Mangione, the suspect in the UnitedHealthcare murder, measures up to the myth."
Is There a Movie or TV Series About Luigi Mangione? See Fan Casting Choices,Hollywood Life,2024-12-13T19:04:30Z,https://hollywoodlife.com/feature/luigi-mangione-movie-tv-series-5353564/,"After UnitedHealthcare CEO Brian Thompson was shot and killed, allegedly by Luigi Mangione, many are wondering if the shocking events will be turned into a movie or a TV show."
The unintentional consequences of Luigi Mangione,Americanthinker.com,2024-12-14T05:00:00Z,https://www.americanthinker.com/blog/2024/12/the_unintentional_consequences_of_luigi_mangione.html,"Here is an unintentional consequence of Luigi Mangione’s assassination murder of the CEO of United Healthcare in the streets of Manhattan.

There will be a quick rush of CEOs demanding – and getting – teams of bodyguards. 
..."
‘SNL’: Sarah Sherman’s Nancy Grace Pokes Fun At ‘Sexy Slayer’ Luigi Mangione,Decider,2024-12-15T13:16:47Z,https://decider.com/2024/12/15/snl-sarah-shermans-nancy-grace-pokes-fun-at-sexy-slayer-luigi-mangione/,"""This guy looks like Dave Franco with Eugene Levy’s eyebrows."""
Luigi Mangione retains former Manhattan prosecutor to defend him in slaying of UnitedHealthcare CEO,New York Post,2024-12-14T05:12:09Z,https://nypost.com/2024/12/14/us-news/luigi-mangione-retains-former-manhattan-prosecutor-to-defend-him-in-deadly-slaying-of-unitedhealthcare-ceo/,The news comes just hours after Manhattan District Attorney Alvin Bragg announced that the alleged gunman could be extradited from Pennsylvania to New York City as early as Tuesday on murder charges for the fatal slaying.
"New info indicates Luigi Mangione, accused of killing UnitedHealthcare executive, won’t fight extradition to NYC, Manhattan DA says",Yahoo Entertainment,2024-12-14T00:16:00Z,https://consent.yahoo.com/v2/collectConsent?sessionId=1_cc-session_cd999982-4b15-4d1a-bef3-79f306f3810b,
"Accused CEO shooter Luigi Mangione could be extradited to NYC as early as Tuesday, DA Bragg says",New York Post,2024-12-14T00:50:14Z,https://nypost.com/2024/12/13/us-news/accused-ceo-shooter-luigi-mangione-could-be-extradited-to-nyc-as-early-as-tuesday-da-bragg-says/,"Bragg announced that Mangione, who has challenged extradition orders that seek to bring him back to the Big Apple, may abandon his fight during a court proceeding scheduled in Pennsylvania on Tuesday."
"Luigi Mangione disappeared, then re-emerged as a murder suspect. Those who knew him are dazed",Biztoc.com,2024-12-14T14:44:07Z,https://biztoc.com/x/2e49566bf830e15c,"Months before United Healthcare CEO Brian Thompson's death, suspect Luigi Mangione disappeared, and loved ones desperately tried to reach him."
"Stephens: Brian Thompson, not Luigi Mangione, is the real working-class hero",Biztoc.com,2024-12-14T13:04:32Z,https://biztoc.com/x/3c5d5fd56692ccfc,"One of the more moving stories in The New York Times this week is an account of the life of Brian Thompson, the UnitedHealthcare CEO who was gunned down on Dec. 4 outside of a New York hotel.
Thompson “grew up in a working-class family in Jewell, Iowa,” a tin…"
Who is Karen Friedman Agnifilo? Luigi Mangione hires Top NY Attorney and wife of Diddy’s lawyer,The Times of India,2024-12-14T17:40:34Z,https://timesofindia.indiatimes.com/etimes/trending/who-is-karen-friedman-agnifilo-luigi-mangione-hires-top-ny-attorney-and-wife-of-diddys-lawyer/articleshow/116323553.cms,"Luigi Mangione has been arrested for the December 4th murder of United Healthcare CEO Brian Thompson, who was fatally shot outside a Manhattan hotel. High-profile attorney Karen Friedman Agnifilio, a former Chief Assistant District Attorney with extensive exp…"
This Tweet 'Predicting' The Capture Of Luigi Mangione Is Going Viral,HuffPost,2024-12-15T13:00:00Z,https://www.huffpost.com/entry/tweet-predicting-luigi-mangione_n_675c9565e4b069a05f3c7685,They surely found Luigi.
Luigi Mangione is a new American nightmare,Freerepublic.com,2024-12-14T02:52:21Z,https://freerepublic.com/focus/f-news/4284413/posts,"I have known for years that the online Left was losing the moral plot. But if you had told me that one day they would celebrate the slaughter of a man from a humble background in which the suspect is a swaggering rich kid, even I would have struggled to belie…"
Sean Diddy has a connection with UnitedHealthcare CEO's murder accused Luigi Mangione - Here's how,The Times of India,2024-12-15T15:31:21Z,https://economictimes.indiatimes.com/magazines/panache/sean-diddy-has-a-connection-with-unitedhealthcare-ceos-murder-accused-luigi-mangione-heres-how/articleshow/116341443.cms,"Luigi Mangione, accused of murdering UnitedHealthcare CEO Brian Thompson, and rapper Sean ""Diddy"" Combs, facing sex trafficking charges, share an unexpected connection through their legal representation. Both are defended by prominent attorneys Karen Friedman…"
SNL cold open tackled Luigi Mangione with a Nancy Grace skit,USA Today,2024-12-15T14:57:30Z,https://ftw.usatoday.com/2024/12/snl-cold-open-nancy-grace-luigi-mangione,The hard hitting journalist was baffled at Mangione's popularity.
What is the connection between Sean Diddy and UnitedHealthcare murder suspect Luigi Mangione?,The Times of India,2024-12-15T13:47:31Z,https://economictimes.indiatimes.com/news/international/global-trends/what-is-the-connection-between-sean-diddy-and-unitedhealthcare-murder-suspect-luigi-mangione/articleshow/116340152.cms,"Luigi Mangione, accused of murdering UnitedHealthcare CEO Wayne Thompson, has hired Karen Friedman-Agnifilo as his defense attorney.  Friedman-Agnifilo's husband, Marc Agnifilo, represents Sean  Diddy  Combs in a separate sex trafficking case.  The high-profi…"
‘Socialist’ Ivy League prof delivers disgusting message by calling alleged UnitedHealthcare CEO shooter Luigi Mangione an ‘icon’,New York Post,2024-12-14T20:01:03Z,https://nypost.com/2024/12/14/business/socialist-ivy-league-prof-delivers-disgusting-message-by-calling-alleged-unitedhealthcare-ceo-shooter-luigi-mangione-an-icon/,"A professor at the University of Pennsylvania, one of the nation’s allegedly premier Ivy League colleges, took a break from her job the other day to praise Luigi Mangione."
Luigi Mangione: How his mother’s role shaped his mental health struggles and arrest in the UnitedHealth CEO Murder Case,The Times of India,2024-12-15T13:56:06Z,https://economictimes.indiatimes.com/news/international/us/luigi-mangione-how-his-mothers-role-shaped-his-mental-health-struggles-and-arrest-in-the-unitedhealth-ceo-murder-case/articleshow/116340396.cms,"The murder of UnitedHealthcare CEO Brian Thompson has sent shockwaves across the nation, with 26-year-old Luigi Mangione being arrested for the crime"
"Not everything is perfect with Apple: Its AI tool Apple Intelligence messes up big time, generates false alert that claimed Luigi Mangione shot himself",The Times of India,2024-12-15T17:21:05Z,https://economictimes.indiatimes.com/news/international/us/not-everything-is-perfect-with-apple-its-ai-tool-apple-intelligence-messes-up-big-time-generates-false-alert-that-claimed-luigi-mangione-shot-himself/articleshow/116343110.cms,Tech giant Apple has come under scrutiny after its artificial intelligence (AI) service mistakenly generated a misleading alert attributed to BBC News.
Luigi Mangione faces legal turmoil that could cost him a $30 million inheritance,Marca,2024-12-14T02:08:50Z,https://www.marca.com/en/lifestyle/us-news/2024/12/14/675cc4e9e2704e8c278b45bb.html,"Luigi Mangione, a 26-year-old accused of murdering UnitedHealthcare executive Brian Thompson, may find himself excluded from a massive $30 million inheritance left by his late gran"
Editorial: Social media response to Luigi Mangione case part of America's problem,New Zealand Herald,2024-12-14T16:00:00Z,https://www.nzherald.co.nz/nz/editorial-social-media-response-to-luigi-mangione-case-part-of-americas-problem/EPCK7RGXPNE4JGY6MFGXIVWFLM/,The reaction was bizarre but in tune with the American public's mood.
Luigi Mangione Photos Used Onscreen During 'Hannah Montana' Song at Concert,TMZ,2024-12-14T19:00:45Z,https://www.tmz.com/2024/12/14/luigi-mangione-photos-used-at-disney-channel-music-concert-hannah-montana/,"Luigi Mangione could be ""the one"" for a whole lotta people, it seems ... 'cause his photos drove a concert crowd into a frenzy -- all while a popular Miley Cyrus song played. Here's the deal ... Bop to the Top Tour's Jingle Bop -- a concert series…
 Permalink"
Luigi Mangione and Sean 'Diddy' Combs' lawyers are married,New York Post,2024-12-14T22:29:28Z,https://nypost.com/2024/12/14/us-news/luigi-mangione-and-sean-diddy-combs-lawyers-are-married/,It looks like Luigi Mangione and Sean “Diddy” Combs have more in common than orange jumpsuits and ankle shackles.
‘SNL’ Cold Open Finds Nancy Grace Appalled at Luigi Mangione Thirst: ‘Looks Like Dave Franco With Eugene Levy’s Eyebrows’,TheWrap,2024-12-15T04:52:03Z,https://www.thewrap.com/snl-cold-open-luigi-mangione-nancy-grace/,"Sarah Sherman delighted in twisting the pronunciation of every other word as the crime TV personality
The post ‘SNL’ Cold Open Finds Nancy Grace Appalled at Luigi Mangione Thirst: ‘Looks Like Dave Franco With Eugene Levy’s Eyebrows’ appeared first on TheWrap."
FBI confirms S.F. police tip identifying Luigi Mangione was sent to NYPD - San Francisco Chronicle,Slashdot.org,2024-12-14T08:32:31Z,https://slashdot.org/firehose.pl?op=view&amp;id=175667457,FBI confirms S.F. police tip identifying Luigi Mangione was sent to NYPDSan Francisco Chronicle F.B.I. Passed Tip About Mangione to New York Police After C.E.O. KillingThe New York Times Why the most serious charge in Luigi Mangione’s case is only second-degr…
Luigi Mangione retains high-profile former prosecutor as defense lawyer - NPR,Slashdot.org,2024-12-14T22:52:56Z,https://slashdot.org/firehose.pl?op=view&amp;id=175670341,Luigi Mangione retains high-profile former prosecutor as defense lawyerNPR UnitedHealthcare CEO killing suspect retains high-powered New York attorneyFox News Luigi Mangione hires high-profile lawyer Karen Friedman Agnifilo: What to knowThe Hill Mother of sus…
Luigi Mangione Wrote Online About a Spine Disorder. Other Patients Say It’s Hell - Rolling Stone,Slashdot.org,2024-12-14T02:53:09Z,https://slashdot.org/firehose.pl?op=view&amp;id=175666507,"Luigi Mangione Wrote Online About a Spine Disorder. Other Patients Say It’s HellRolling Stone After UnitedHealthcare CEO's killing, San Francisco police gave FBI tip about suspect's identityYahoo! Voices Police Theorize C.E.O. Gunman Dumped Getaway Bike and I…"
Shocking Link Between Diddy and Luigi Mangione,The Root,2024-12-15T17:51:00Z,https://www.theroot.com/shocking-link-between-diddy-and-luigi-mangione-1851721565,"Just when you think the world couldn’t get any smaller, a revelation like this comes along and defies the odds. The two biggest media stories of the year have just overlapped in a major way, with a surprising connection that will certainly have everyone talki…"
Luigi Mangione: Here’s who will represent accused United Healthcare CEO shooter in court,WSB Atlanta,2024-12-14T18:08:43Z,https://www.wsbtv.com/news/national/luigi-mangione-heres-who-will-represent-accused-united-healthcare-ceo-shooter-court/2GNMWHQK3BEU3HTY6P2POZ4H2U/,Luigi Mangione: Here’s who will represent accused United Healthcare CEO shooter in courtwsbtv.com
Luigi Mangione retains high-powered New York attorney as he faces second-degree murder charge | CNN,CNN,2024-12-14T02:01:05Z,https://www.cnn.com/2024/12/13/us/luigi-mangione-new-york-attorney-retained/index.html,"Luigi Mangione has retained a high-powered New York attorney to represent him as he faces a second-degree murder charge in the death of UnitedHealthcare CEO Brian Thompson, CNN has learned."
Luigi Mangione: Suspect in UnitedHealthcare CEO’s killing hires high-profile attorney as official indicates extradition fight may stop,CNN,2024-12-14T20:03:40Z,https://www.cnn.com/2024/12/14/us/luigi-mangione-unitedhealthcare-ceo-shooting-extradition-new-york/index.html,"Luigi Mangione, accused of killing UnitedHealthcare’s CEO in Manhattan, has retained a high-profile New York attorney – a development revealed on the same day an official indicated the defendant may soon stop fighting extradition from Pennsylvania, the site o…"
